epoch,train loss,train accuracy,validation loss,validation accuracy,epoch time,name
0,0.705931544303894,0.4372893273830414,0.7015606760978699,0.45756879448890686,0.0,bert-base-uncased_sst2_epochs5_minibatch32_logging25_differentiallr_lr01
1,0.5193309187889099,0.7430993914604187,0.5274208188056946,0.732798159122467,240.7364945411682,bert-base-uncased_sst2_epochs5_minibatch32_logging25_differentiallr_lr01
2,0.42937618494033813,0.8091434240341187,0.4259694218635559,0.8096330165863037,241.10825514793396,bert-base-uncased_sst2_epochs5_minibatch32_logging25_differentiallr_lr01
3,0.39175236225128174,0.8284161686897278,0.3830142915248871,0.8268347978591919,240.19960713386536,bert-base-uncased_sst2_epochs5_minibatch32_logging25_differentiallr_lr01
4,0.36972615122795105,0.8413636684417725,0.3464048504829407,0.8417431116104126,240.30089807510376,bert-base-uncased_sst2_epochs5_minibatch32_logging25_differentiallr_lr01
5,0.3593681752681732,0.8438284397125244,0.3504514992237091,0.8394495248794556,240.2015597820282,bert-base-uncased_sst2_epochs5_minibatch32_logging25_differentiallr_lr01
