epoch,train loss,train accuracy,validation loss,validation accuracy,epoch time,name
0,0.6875675320625305,0.557721734046936,0.7011364698410034,0.5091742873191833,0.0,bert-base-uncased_sst2_epochs5_minibatch32_logging25_fixedlr_lr01_adapter_trainglescheduler
1,0.2077520191669464,0.9250174164772034,0.246257945895195,0.9002293348312378,241.05103397369385,bert-base-uncased_sst2_epochs5_minibatch32_logging25_fixedlr_lr01_adapter_trainglescheduler
2,0.12893012166023254,0.9535405039787292,0.24204318225383759,0.9094036221504211,240.4001910686493,bert-base-uncased_sst2_epochs5_minibatch32_logging25_fixedlr_lr01_adapter_trainglescheduler
3,0.12092435359954834,0.9564507007598877,0.22879835963249207,0.9254586696624756,239.7818088531494,bert-base-uncased_sst2_epochs5_minibatch32_logging25_fixedlr_lr01_adapter_trainglescheduler
4,0.08511962741613388,0.9713730216026306,0.24730373919010162,0.9002293348312378,239.93267607688904,bert-base-uncased_sst2_epochs5_minibatch32_logging25_fixedlr_lr01_adapter_trainglescheduler
5,0.09266823530197144,0.9670373797416687,0.2797605097293854,0.9105504155158997,240.09867763519287,bert-base-uncased_sst2_epochs5_minibatch32_logging25_fixedlr_lr01_adapter_trainglescheduler
