epoch,train loss,train accuracy,validation loss,validation accuracy,epoch time,name
0,0.700937807559967,0.5570535659790039,0.7392585277557373,0.5091742873191833,0.0,bert-base-uncased_sst2_epochs5_minibatch32_logging25_nesterovlr_lr01_adapter
1,0.20356981456279755,0.9188703298568726,0.23386968672275543,0.9025229215621948,242.44771814346313,bert-base-uncased_sst2_epochs5_minibatch32_logging25_nesterovlr_lr01_adapter
2,0.17931538820266724,0.9291749000549316,0.24546821415424347,0.9013761281967163,242.36836791038513,bert-base-uncased_sst2_epochs5_minibatch32_logging25_nesterovlr_lr01_adapter
3,0.14435172080993652,0.9454483389854431,0.2617696225643158,0.8979357481002808,242.02032923698425,bert-base-uncased_sst2_epochs5_minibatch32_logging25_nesterovlr_lr01_adapter
4,0.12535205483436584,0.9555153250694275,0.25588175654411316,0.9071100354194641,242.2476305961609,bert-base-uncased_sst2_epochs5_minibatch32_logging25_nesterovlr_lr01_adapter
5,0.10740281641483307,0.9632511138916016,0.27696213126182556,0.9002293348312378,241.95236253738403,bert-base-uncased_sst2_epochs5_minibatch32_logging25_nesterovlr_lr01_adapter
