epoch,train loss,train accuracy,validation loss,validation accuracy,epoch time,name
0,0.7172240614891052,0.44316914677619934,0.7076482176780701,0.48967888951301575,0.0,bert-base-uncased_sst2_epochs5_minibatch32_logging25_fixedlr_lr01_trainglescheduler
1,0.20521563291549683,0.9204887747764587,0.2810601592063904,0.8807339072227478,240.54812169075012,bert-base-uncased_sst2_epochs5_minibatch32_logging25_fixedlr_lr01_trainglescheduler
2,0.13242390751838684,0.9516844749450684,0.27150964736938477,0.8990825414657593,241.07258081436157,bert-base-uncased_sst2_epochs5_minibatch32_logging25_fixedlr_lr01_trainglescheduler
3,0.12142955511808395,0.9582770466804504,0.2379535436630249,0.9139907956123352,240.1046667098999,bert-base-uncased_sst2_epochs5_minibatch32_logging25_fixedlr_lr01_trainglescheduler
4,0.0874181017279625,0.971447229385376,0.2469012439250946,0.9059632420539856,240.0525665283203,bert-base-uncased_sst2_epochs5_minibatch32_logging25_fixedlr_lr01_trainglescheduler
5,0.10515598952770233,0.9641717076301575,0.24266818165779114,0.9139907956123352,240.16746592521667,bert-base-uncased_sst2_epochs5_minibatch32_logging25_fixedlr_lr01_trainglescheduler
