epoch,train loss,train accuracy,validation loss,validation accuracy,epoch time,name
0,0.7070319652557373,0.4557454288005829,0.7107439637184143,0.4483944773674011,0.0,bert-base-uncased_sst2_epochs5_minibatch32_logging25_gradunfreeze_lr01
1,0.5249577760696411,0.7719045281410217,0.5230038166046143,0.7763761281967163,237.62255883216858,bert-base-uncased_sst2_epochs5_minibatch32_logging25_gradunfreeze_lr01
2,0.4930044114589691,0.7617484927177429,0.5057618021965027,0.7373852729797363,237.52610659599304,bert-base-uncased_sst2_epochs5_minibatch32_logging25_gradunfreeze_lr01
3,0.5011410713195801,0.7367889881134033,0.5263098478317261,0.7075687646865845,237.19588232040405,bert-base-uncased_sst2_epochs5_minibatch32_logging25_gradunfreeze_lr01
4,0.4445880949497223,0.8046741485595703,0.43886882066726685,0.79701828956604,237.1879050731659,bert-base-uncased_sst2_epochs5_minibatch32_logging25_gradunfreeze_lr01
5,0.41064804792404175,0.8188391923904419,0.3890146315097809,0.8348623514175415,237.3437144756317,bert-base-uncased_sst2_epochs5_minibatch32_logging25_gradunfreeze_lr01
