epoch,train loss,train accuracy,validation loss,validation accuracy,epoch time,name
0,0.6899534463882446,0.5554499626159668,0.714474618434906,0.5114678740501404,0.0,bert-base-uncased_sst2_epochs5_minibatch32_logging25_fixedlr_lr01_adapter
1,0.3105965554714203,0.8701242804527283,0.30322739481925964,0.8715596199035645,242.05341267585754,bert-base-uncased_sst2_epochs5_minibatch32_logging25_fixedlr_lr01_adapter
2,0.26200348138809204,0.8913717865943909,0.2799960970878601,0.8784403204917908,242.20027709007263,bert-base-uncased_sst2_epochs5_minibatch32_logging25_fixedlr_lr01_adapter
3,0.23884977400302887,0.9018841981887817,0.25062593817710876,0.8979357481002808,241.85501503944397,bert-base-uncased_sst2_epochs5_minibatch32_logging25_fixedlr_lr01_adapter
4,0.2350878119468689,0.9035026431083679,0.27450767159461975,0.8795871138572693,242.6278772354126,bert-base-uncased_sst2_epochs5_minibatch32_logging25_fixedlr_lr01_adapter
5,0.2157171666622162,0.9130647778511047,0.2580258250236511,0.9002293348312378,242.33817410469055,bert-base-uncased_sst2_epochs5_minibatch32_logging25_fixedlr_lr01_adapter
