epoch,train loss,train accuracy,validation loss,validation accuracy,epoch time,name
0,0.6921888589859009,0.5520052313804626,0.7011915445327759,0.48279815912246704,0.0,bert-base-uncased_sst2_epochs5_minibatch32_logging25_differentiallr_lr01_adapter
1,0.4937926232814789,0.7867822647094727,0.49228766560554504,0.7844036221504211,241.62605571746826,bert-base-uncased_sst2_epochs5_minibatch32_logging25_differentiallr_lr01_adapter
2,0.4145783483982086,0.8178146481513977,0.4201878607273102,0.8004586696624756,241.21195578575134,bert-base-uncased_sst2_epochs5_minibatch32_logging25_differentiallr_lr01_adapter
3,0.38010990619659424,0.8349493145942688,0.37871798872947693,0.8348623514175415,240.48626565933228,bert-base-uncased_sst2_epochs5_minibatch32_logging25_differentiallr_lr01_adapter
4,0.3649074137210846,0.8432196378707886,0.34536924958229065,0.8577980995178223,240.80809044837952,bert-base-uncased_sst2_epochs5_minibatch32_logging25_differentiallr_lr01_adapter
5,0.3689804971218109,0.8372507095336914,0.36930009722709656,0.8348623514175415,240.3390302658081,bert-base-uncased_sst2_epochs5_minibatch32_logging25_differentiallr_lr01_adapter
