epoch,train loss,train accuracy,validation loss,validation accuracy,epoch time,name
0,0.7112175226211548,0.5578107833862305,0.7553200125694275,0.5091742873191833,0.0,bert-base-uncased_sst2_epochs5_minibatch32_logging25_nesterovlr_lr01
1,0.2068539410829544,0.9173113107681274,0.23598924279212952,0.8990825414657593,242.54697823524475,bert-base-uncased_sst2_epochs5_minibatch32_logging25_nesterovlr_lr01
2,0.16448341310024261,0.9374006986618042,0.2272990643978119,0.9116972088813782,242.5742528438568,bert-base-uncased_sst2_epochs5_minibatch32_logging25_nesterovlr_lr01
3,0.13711367547512054,0.9492048621177673,0.23032142221927643,0.9082568287849426,242.11119389533997,bert-base-uncased_sst2_epochs5_minibatch32_logging25_nesterovlr_lr01
4,0.11251875013113022,0.9594500064849854,0.23241356015205383,0.9105504155158997,241.96894907951355,bert-base-uncased_sst2_epochs5_minibatch32_logging25_nesterovlr_lr01
5,0.11004569381475449,0.9610832929611206,0.2429984211921692,0.9036697149276733,241.9697916507721,bert-base-uncased_sst2_epochs5_minibatch32_logging25_nesterovlr_lr01
