epoch,train loss,train accuracy,validation loss,validation accuracy,epoch time,name
0,0.710494875907898,0.44541120529174805,0.6984096765518188,0.4931192398071289,0.0,bert-base-uncased_sst2_epochs5_minibatch32_logging25_gradunfreeze_lr01_adapter
1,0.5352088809013367,0.744688093662262,0.5438041090965271,0.7454128265380859,237.34291529655457,bert-base-uncased_sst2_epochs5_minibatch32_logging25_gradunfreeze_lr01_adapter
2,0.5555964112281799,0.7117254734039307,0.532720148563385,0.73050457239151,237.0354733467102,bert-base-uncased_sst2_epochs5_minibatch32_logging25_gradunfreeze_lr01_adapter
3,0.4772813618183136,0.7839908599853516,0.4932725429534912,0.7649081945419312,237.12871098518372,bert-base-uncased_sst2_epochs5_minibatch32_logging25_gradunfreeze_lr01_adapter
4,0.4574367105960846,0.7904794216156006,0.4737023711204529,0.7775229215621948,237.36733865737915,bert-base-uncased_sst2_epochs5_minibatch32_logging25_gradunfreeze_lr01_adapter
5,0.4186118245124817,0.8114745616912842,0.4239650368690491,0.8061926364898682,236.74286079406738,bert-base-uncased_sst2_epochs5_minibatch32_logging25_gradunfreeze_lr01_adapter
