epoch,train loss,train accuracy,validation loss,validation accuracy,epoch time,name
0,0.7505367398262024,0.44238221645355225,0.7127843499183655,0.48853209614753723,0.0,bert-base-uncased_sst2_epochs5_minibatch32_logging25_fixedlr_lr01_adapter
1,0.294925719499588,0.8747865557670593,0.30440282821655273,0.8761467337608337,242.1579554080963,bert-base-uncased_sst2_epochs5_minibatch32_logging25_fixedlr_lr01_adapter
2,0.2688590884208679,0.8870510458946228,0.2916276156902313,0.8795871138572693,242.14495182037354,bert-base-uncased_sst2_epochs5_minibatch32_logging25_fixedlr_lr01_adapter
3,0.253377765417099,0.8944453597068787,0.26182517409324646,0.8956421613693237,242.20749855041504,bert-base-uncased_sst2_epochs5_minibatch32_logging25_fixedlr_lr01_adapter
4,0.22700235247612,0.9076155424118042,0.2352333962917328,0.9071100354194641,241.65234875679016,bert-base-uncased_sst2_epochs5_minibatch32_logging25_fixedlr_lr01_adapter
5,0.21882304549217224,0.9107336401939392,0.2710575461387634,0.8864678740501404,241.5142433643341,bert-base-uncased_sst2_epochs5_minibatch32_logging25_fixedlr_lr01_adapter
